Company,Sep 2012,Mar 2013,Jun 2013,Sep 2013,Dec 2013,Mar 2014,May 2014,Jun 2014,Aug 2014,Sep 2014,Oct 2014,Nov 2014,Dec 2014,Mar 2015,May 2015,Jun 2015,Aug 2015,Sep 2015,Oct 2015,Nov 2015,Dec 2015,Mar 2016,May 2016,Jun 2016,Aug 2016,Sep 2016,Nov 2016,Dec 2016,Jan 2017,Mar 2017,Apr 2017,May 2017,Jun 2017,Jul 2017,Aug 2017,Sep 2017,Oct 2017,Nov 2017,Dec 2017,Jan 2018,Mar 2018,Apr 2018,Jun 2018,Jul 2018,Aug 2018,Sep 2018,Oct 2018,Dec 2018,Jan 2019,Mar 2019,Apr 2019,May 2019,Jun 2019,Jul 2019,Aug 2019,Sep 2019,Oct 2019,Dec 2019,Jan 2020,Feb 2020,Mar 2020,Apr 2020,May 2020,Jun 2020,Jul 2020,Aug 2020,Sep 2020,Oct 2020,Dec 2020,Jan 2021,Mar 2021,Apr 2021,Jun 2021,Jul 2021,Sep 2021,Oct 2021
2U INC,,,,,,,,,,,,,,,,,,,,,,,,,,,,,,64829000.0,,,64995000.0,,,70250000.0,,,,,92288000.0,,97423000.0,,,106963000.0,,,,122234000.0,,,135461000.0,,,153798000.0,,,,,175479000.0,,,182687000.0,,,201073000.0,,,,232473000.0,,237209000.0,,232376000.0,
30DC INC,,,,,,,,,,603244.0,,,49583.0,43689.0,,,,67905.0,,,227855.0,118618.0,,,,,,,,,,,,,,,,,,,,,,,,,,,,,,,,,,,,,,,,,,,,,201073000.0,,,,,,,,232376000.0,
3D PIONEER SYSTEMS INC,,,,,,,,,,,,,,,,,,,,,,,,,,,,,,,,,,,,,,,,,,,,,,,,,,,,,,,,,,,,,,,,,,,,,,,,,,,,
8X8 INC,,,,,,,,,,,,,,43689.0,,,,,,,,118618.0,,,,,,63676000.0,,,,,69098000.0,,,,,,75575000.0,,,,83225000.0,,,85682000.0,,89912000.0,,,,,96675000.0,,,109517000.0,,118567000.0,,,,,,121807000.0,,,129133000.0,,136685000.0,,,,148327000.0,,151557000.0,
A10 NETWORKS INC,,,,,,,,,,,,,,,,,,,,,,,,,,,,,,63934000.0,,,53973000.0,,,62005000.0,,,,,49183000.0,,60713000.0,,,60502000.0,,,,50290000.0,,,49189000.0,,,52833000.0,,,,,53764000.0,,,52500000.0,,,56608000.0,,,,54843000.0,,59168000.0,,65360000.0,
ACI WORLDWIDE INC,,,,,,,,,,,,,,,,,,,,,,,,,,,,,,231462000.0,,,240599000.0,,,225735000.0,,,,,209310000.0,,234995000.0,,,245525000.0,,,,205855000.0,,,297618000.0,,,354901000.0,,,,,291485000.0,,,299910000.0,,,315883000.0,,,,285186000.0,,301669000.0,,316914000.0,
ACTUA CORP,,,,,,,,,,,,,,,,,,,,,,,,,,,,,,,,,,,,,,,,,,,234995000.0,,,,,,,,,,297618000.0,,,,,,,,,,,,,,,,,,,,,,,
ADEXA INC,,,,,,,,,,,,,,,,,,,,,,,,,,,,,,,,,,,,,,,,,,,,,,,,,,,,,,,,,,,,,,,,,,,,,,,,,,,,
ADOBE INC,,,,,,,,,,,,,,,,,,,,,,,,,,,,,,,,,,,,,,,,,,,2195360000.0,,2291076000.0,,,,,2601000000.0,,2744000000.0,,,2834000000.0,,,,,3128000000.0,,,3128000000.0,,,3225000000.0,,,,,3905000000.0,,3835000000.0,,3935000000.0,
ADVANCED VOICE RECOGNITION,,,,,,,,,,,,,,,,,,,,,,,,,,,,,,,,,,,,,,,,,,,,,,,,,,,,,,,,,,,,,,,,,,,,,,,,,,,,
ADVANTE CORP,,,,,,,,,,,,,,,,,,,,,,,,,,,,,,,,,,,,,,,,,,,,,,,,,,,,,,,,,,,,,,,,,,,,,,,,,,,,
ADVANTEGO CORP,0.0,,,0.0,,,,,,,,,,,,,,,,,,,,,,,,,,,,,3430.0,,,9420.0,,,,,,,,,,,,,,,,,,,,,,,,,,,,,,,,,,,,,,,,
AGILYSYS INC,,,,,,,,,,,,,,,,,,,,,,,,,,,,33448000.0,,,,,33865000000.0,,,30129000.0,,,31310000.0,,,,34007000.0,,,34203000.0,,36014000.0,,,,,38389000.0,,,40722000.0,,41987000.0,,,,,,29807000.0,,,34360000.0,,36675000.0,,,,38725000.0,,37892000.0,
ALARMCOM HOLDINGS INC,,,,,,,,,,,,,,,,,,,,,,,,,,,,,,74194000.0,,,85988000.0,,,89962000.0,,,,,92756000.0,,104488000.0,,,111848000.0,,,,112335000.0,,,121660000.0,,,127880000.0,,,,,151939000.0,,,141637000.0,,,158851000.0,,,,172498000.0,,188857000.0,,192324000.0,
ALLDIGITAL HOLDINGS INC,,,,,,,,,,,,,,,,,,,,,,,,,,,,,,,,,,,,,,,,,,,,,,,,,,,,,,,,,,,,,,,,,,,,,,,,,,,,
ALTAIR ENGINEERING INC,,,,,,,,,,,,,,,,,,,,,,,,,,,,,,,,,,,,,,,,,,,,,,,,,,127859000.0,,,106773000.0,,,100406000.0,,,,,131463000.0,,,98561000.0,,,106456000.0,,,,150163000.0,,119912000.0,,121307000.0,
ALTERYX INC,,,,,,,,,,,,,,,,,,,,,,,,,,,,,,28545000.0,,,30319000.0,,,34155000.0,,,,,50329000.0,,51502000.0,,,62589000.0,,,,76020000.0,,,82043000.0,,,103397000.0,,,,,108831000.0,,,96233000.0,,,129717000.0,,,,118759000.0,,120070000.0,,123501000.0,
AMERICAN SECURITY RES CORP,,,,,,,,,,,,,,,,,,,,,,,,,,,,,,,37080000.0,,,40769000.0,,,44332000.0,,,,,50988000.0,,54923000.0,,,58613000.0,,,,68708000.0,,,72373000.0,,,76370000.0,,,,,85351000.0,,,88055000.0,,,89061000.0,,,,91992000.0,,98124000.0,,99529000.0
AMERICAN SOFTWARE  CL A,,,,,,,,,,,,,,,,,,,,,,,,,,,,,,93888000.0,,,102096000.0,,,,,,,,129791000.0,,141882000.0,,,154828000.0,,,,181484000.0,,,194583000.0,,,210477000.0,,,,,237475000.0,,,246664000.0,,,261926000.0,,,,298048000.0,,318216000.0,,346974000.0,
ANAPLAN INC,,,,,,,,,,,,,,,,,,,,,,,,,,,,,,,,,,,,,44189000.0,,,,,51550000.0,,57828000.0,,,62014000.0,,,,75830000.0,,,84540000.0,,,89410000.0,,,,,103844000.0,,,106511000.0,,,114875000.0,,,,129825000.0,,144324000.0,,155348000.0
ANSYS INC,,,,,,,,,,,,,,,,,,,,,,,,,,,,,,253405000.0,,,263924000.0,,,275585000.0,,,,,282873000.0,,305913000.0,,,289418000.0,,,,317130000.0,,,368635000.0,,,343899000.0,,,,,304985000.0,,,385661000.0,,,366965000.0,,,,363226000.0,,446654000.0,,441168000.0,
APPFOLIO INC,,,,,,,,,,,,,,,,,,,,,,,,,,,,,,32126000.0,,,35877000.0,,,37903000.0,,,,,42340000.0,,47240000.0,,,50126000.0,,,,57091000.0,,,63624000.0,,,67935000.0,,,,,72495000.0,,,81043000.0,,,84086000.0,,,,78921000.0,,89040000.0,,95809000.0,
APPIAN CORP,,,,,,,,,,,,,,,,,,,,,,,,,,,,,,38329000.0,,,43198000.0,,,44648000.0,,,,,51696000.0,,59883000.0,,,54948000.0,,,,60304000.0,,,65275000.0,,,66155000.0,,,,,78864000.0,,,66775000.0,,,77304000.0,,,,88855000.0,,82999000.0,,92417000.0,
APPLIED VISUAL SCIENCES INC,,,,,,,,0.0,,,,,,,,0.0,,,,,,,,,,,,,,,,,,,,,,,,,,,,,,,,,,,,,,,,,,,,,,,,,,,77304000.0,,,,,,,,92417000.0,
APT SYSTEMS INC,,,,,,,,,,,6400.0,,,,,,,,1725.0,,,,,,,,,,,,,,,,,,11.0,,,,,,,,,,1046.0,,,,,,,,,,,,,,,,,,,,,,,,,,,,,
ASANA INC,,,,,,,,,,,,,,,,,,,,,,,,,,,,,,,,,,,,,,,,,,,,,,,,,,,,,,,,,38079000.0,,,,,47706000.0,,,52024000.0,,,58905000.0,,,,76673000.0,,89478000.0,,100337000.0
ASPEN TECHNOLOGY INC,,,,,,,,,,,,,,,,,,,,,,,,,,,,,,,,,,,,,,,,,,,,,,,,,,,,,,,,,,,,,,,,,,,,,,,,,,,,
ASURE SOFTWARE INC,,,,,,,,,,,,,,,,,,,,,,,,,,,,,,10727000.0,,,12880000.0,,,15527000.0,,,,,19304000.0,,21767000.0,,,23458000.0,,,,26760000.0,,,17274000.0,,,17854000.0,,,,,18947000.0,,,14115000.0,,,16015000.0,,,,19802000.0,,17168000.0,,17981000.0,
AUDIOEYE INC,,,,,,,,,,,,,,,,,,,,,,,,,,,,,,,,,,,,,,,,,,,,,,,,,,,,,,,,,,,,,18947000.0,,,,,,,,,,19802000.0,,,,,
AUTODESK INC,,,,,,,,,,,,,,,,,,,,,,,,,,,,,,,485700000.0,,,501800000.0,,,515299999.0,,,,,559900000.0,,611700000.0,,,660900000.0,,,,735500000.0,,,796800000.0,,,842700000.0,,,,,885700000.0,,,913100000.0,,,952400000.0,,,,989300000.0,,1059700000.0,,1125800000.0
AUTOMATIC DATA PROCESSING,,,,,,,,,,,,,,,,,,,,,,,,,,,,,,15893000.0,,,16378000.0,,,16592000.0,,,,,16654000.0,,17500000.0,,,17876000.0,,,,29300000.0,,,45916000.0,,,47833000.0,,,,,52434000.0,,,53337000.0,,,54840000.0,,,,60015000.0,,62829000.0,,64850000.0,
AVALARA INC,,,,,,,,,,,,,,,,,,,,,,,,,,,,,,,,,50891000.0,,,55268000.0,,,,,61377000.0,,63709000.0,,,64611000000.0,,,,84970000.0,,,91299000.0,,,98525000.0,,,,,111443000.0,,,116487000.0,,,127879000.0,,,,153601000.0,,169067000.0,,181167000.0,
AVAYA HLDGS CORP,,,,,,,,,,,,,,,,,,,,,,,,,,,,,,,,,,,,,,,,,,,,,,,,,,,,,,,,,,,,,,,,,,,,,,,,,,,,
AWARE INC,,,,,,,,,,,,,,,,,,,,,,,,,,,,,,,,,,,,,,,,,,,,,,,,,,,,,,,,,,,,,,,,,,,,,,,,,,,,
BARRACUDA NETWORKS INC,,,,,,,66209000.0,,68652000.0,,,70407000.0,,,77974000.0,,78371000.0,,,80087000.0,,,86654000.0,,87930000.0,,88806000.0,,,,,94179000.0,,,94325000.0,,,94747000.0,,,,,,,,,,,,,,,,,,,,,,,,,,,,,127879000.0,,,,,,,,181167000.0,
BENEFITFOCUS INC,,,,,,,,,,,,,,,,,,,,,,,,,,,88806000.0,,,,,,,,,,,94747000.0,,,,,,,,,,,,,,,,,,,,,,,,,,,,,,,,,,,,,,
BENTLEY SYSTEMS INC,,,,,,,,,,,,,,,,,,,,,,,,,,,,,,,,,,,,,,,,,,,,,,,,,,,,,,,,186588000.0,,,,,194690000.0,,,184290000.0,,,202997000.0,,,,222005000.0,,222931000.0,,248480000.0,
BIGCOMMERCE HOLDIN INC,,,,,,,,,,,,,,,,,,,,,,,,,,,,,,,,,,,,,,,,,,,,,,,,,,,,,,,,,,,,,,,,,,,,,,,,,,,,
BILLCOM HOLDINGS INC,,,,,,,,,,,,,,,,,,,,,,,,,,,,,,,,,,,,,,,,,,,,,,,,25999000.0,,28244000.0,,,,,,35180000.0,,39080000.0,,,41230000.0,,,,,,46209000.0,,54045000.0,,59738000.0,,,,116403000.0,
BIOKEY INTERNATIONAL INC,,,,,,,,,,,,,,,,,,,,,,,,,,,,,,,,,,,,,,,,,,,,,,,,,,,,,,,,,,,,,,110524000.0,,,,,,142578000.0,,,,176404000.0,,,,230517000.0
BLACK BOX CORP,,,,,,,,,,,,,,,,,,,,,,,,,,,,,,,,,,,,,,,,,,,,,,,,,,,,,,,,,,,,,,,,,,,,,,,,,,,,
BLACKBAUD INC,,,,,,,,,,,,,,,,,,,,,,,,,,,,,,,,,,,,,,,,,,,,,,,,,,,,,225634000.0,,,221120000.0,,,,,223621000.0,,,231991000.0,,,215001000.0,,,,219191000.0,,229440000.0,,231218000.0,
BLACKBOXSTOCKS INC,,,,,,,,,,,,,,,,,,,,,,,,,,,,,,127612.0,,,196945.0,,,,,,,,143295.0,,147375.0,,,190179.0,,,,226349.0,,,253808.0,,,296332.0,,,,,415251.0,,,808848.0,,,1100329.0,,,,1489668.0,,1463606.0,,1471814.0,
BLACKLINE INC,,,,,,,,,,,,,,,,,,,,,,,,,,,,,,38181000.0,,,41981000.0,,,45424000.0,,,,,51284000.0,,55454000.0,,,58734000000.0,,,,64129000.0,,,69664000000.0,,,74925000.0,,,,,82598000.0,,,83272000.0,,,90157000.0,,,,98856000.0,,102122000.0,,109402000.0,
BLAQCLOUDS INC,,,,,,,,,,,,,,,,,,,,,,,,,,,,,,,32339000.0,,,39412000.0,,,46359000.0,,,,,52448000.0,,57847000.0,,,61356000.0,,,,64109000.0,,,69733000.0,,,71822000.0,,,,,73898000.0,,,74989000.0,,,77246000.0,,,,80329000.0,,86487000.0,,89230000.0
BOTTOMLINE TECHNOLOGIES INC,,,,,,,,,,,,,,,,,,,,,,,,,,,,,,,,,,,,91296000.0,,,95195000.0,,101136000.0,,,,,102437000.0,,104846000.0,,106438000.0,,,,,,,,,,,,,,,,,,77246000.0,,,,,,,,89230000.0
BOX INC,,,,,,,,,,,,,,,,,,,,,,,,,,,,,,,,,,,,,,,,,,,,,,,,,,,,,,,,,,,,,,,,,,,,,,,,,,,,
BOXLIGHT CORP,,,,,,,,,,,,,,,,,,,,,,,,,,,,,,,,,,,,,,,,,,,,,,,,,,,,,,,,,,,,,,,,,,,,,,,,,,,,
BRAVATEK SOLUTIONS INC,,,,,,,,,,,,,,,,,,,,,,,,,,,,,,,,,,,,,,,,,101136000.0,,774204.0,,,,,,,106438000.0,,,,,,,,,,,,,,,,,,,,,,,,,,
BRIDGELINE DIGITAL INC,,,,,,,,,,,,,,,,,,,,,,,,,,,,3991000.0,,3994000.0,,,4074000.0,,,,,,3969000.0,,3713000.0,,3083000.0,,,,,2375000.0,,2196000.0,,,2693000.0,,,,,2832000.0,,,2738000.0,,,2632000.0,,,,,2836000.0,,2874000.0,,3445000.0,,,
BRIDGEWAY NATIONAL CORP,,,,,,,,,,,,,,,,,,,,,,,,,,,,,,,,,,,,,,,,,,,,,,,,,,,,,,,,,,,,,,,,,,,,,,,,,,,,
BSCADA INC,,,,,,,,,,,,,,,,,,,,,,,,,,,,,,,,,,,,,,,,,,,,,,,,,,,,,,,,,,,,,,,,2632000.0,,,,,,,,,3445000.0,,,
BSQUARE CORP,,,,,,,,,,,,,,,,,,,,,,,,,,,,,,,,,,,,,,,,,,,,,,,,,,,,,,,,,,,,,,,,,,,,,,,,,,,,
BUSYBOX COM INC,,,,,,,,,,,,,,,,,,,,,,,,,,,,,,,,,,,,,,,,,,,,,,,,,,,,,,,,,,,,,,,,,,,,,,,,,,,,
CADENCE DESIGN SYSTEMS INC,,,,,,,,,,,,,,,,,,,,,,,,,,,,,,,476911000.0,,,479001000.0,,485398000.0,,,,,517313000.0,,518391000.0,,,532468000.0,,,,576742000.0,,,580419000.0,,,579603000.0,,,,,617957000.0,,,638418000.0,,,666607000.0,,,,,736028000.0,,728285000.0,,750895000.0
CDK GLOBAL INC,,,,,,,,,,,,,,,,,,,,,,,,,,,,,,,,,,,,,,,,,,,,,,,,,,,,,,,,494600000.0,,418200000.0,,,426400000.0,,,,,,413700000.0,,406300000.0,,433100000.0,,,,440000000.0,
CERENCE INC,,,,,,,,,,,,,,,,,,,,,,,,,,,,,,,,,,,,,,,,,,,,,,,,,,,,,,,,,,77459000.0,,,86823000.0,,,75197000.0,,,413700000.0,,94964000.0,,98662000.0,,96801000.0,,440000000.0,
CERIDIAN CORP,,,,,,,,,,,,,,,,,,,,,,,,,,,,,,,,,,,,,,,,,,,,,,,,,,,,,,,,,,,,,,,,,,,,,,,,,,,,
CERIDIAN HCM HOLDING,,,,,,,,,,,,,,,,,,,,,,,,,,,,,26441000.0,,,,,4015000.0,,,2449000.0,,,5955000.0,,,,27399000.0,,,28033000.0,,27003000.0,,,,,27383000.0,,,28210000.0,,30600000.0,,,,,,27278000.0,,,27881000.0,,27683000.0,,,,29271000.0,,31211000.0
CHANGSHENG INTERNATIONAL GRO,,,,,,,,,,,,,,,,,,,,,,,,,,,,,,,,,,,,,,,,,,,,,,,,,,,,,,,,,,,,,,,,,,,,27881000.0,,,,,,,,31211000.0
CHANNELADVISOR CORP,,,,,,,,,,,,,,,,,,,,,,,,,,,,,,,,,,,,,,,,,,,,,,,,,,,,,,,,,,,,,,,,,,,,27881000.0,,,,,,,,31211000.0
CHINA YANYUN YHU NTL ED GRP,,,,,,,,,,,,,,,,,,,,,,,,,,,,,,,,,,,,,,,,,,,,,,,,738000000.0,,,,,,,,,,715000000000.0,,,682000000000000.0,,,721000000000.0,,,,,743000000000.0,,738000000000000.0,,732000000000.0,,,
CICERO INC,,,,,,,,,,,,,,,,,,,,,,,,346000.0,,217000.0,,,,571000.0,,,263000.0,,,232000.0,,,,,204000.0,,205000.0,,,200000.0,,,,282000.0,,,170000.0,,,856000.0,,,,,118000.0,,,97000.0,,,,,,,,,,,,
CIMETRIX INC,,,,,,,,,,,,,,,,,,,,,,,,,,,,,,,,,,,,,,,,,,,,,,,,,,,,,170000.0,,,,,,,,,,,97000.0,,,,,,,,,,,,
CIPHERLOC CORP,,,,,,,,,,,,,,,,,,,,,,,,,,,,112500.0,,124747.0,,,114386.0,,,,,,115642.0,,113129.0,,87477.0,,,,,,,,,,27850.0,,,,,18750.0,,,11733.0,,,8750.0,,,,,8750.0,,6667.0,,,,,
CITRIX SYSTEMS INC,,,,,,,,,,,,,,,,,,,,,,,,,,,,,,662677000.0,,,693227000.0,,,690925000.0,,,,,697192000.0,,742365000.0,,,732476000.0,,,,719143000.0,,,748697000.0,,,732901000.0,,,,,860945000.0,,,798929000.0,,,767170000.0,,,,775766000.0,,812111000.0,,778445000.0,
CLEANSPARK INC,,,,,,,,,,,,,,,,,,,,,,,,,,,,,,,,,,,,,,,18080.0,,120265.0,,328586.0,,,,,262907.0,,723899.0,,,1222736.0,,,,,976824.0,,,,,,,,,767170000.0,,,,,,,,778445000.0,
CLICKSTREAM CORP,,,,,,,,,,,,,,,,,,,,,,,,,,,,,,,,,,,,,,,,,,,,,,,,,,,,,,,,,,,,,,,,,,,,,,,,,,,,
CLONE ALGO TECHNOLOGIES INC,,,,,,,,,,,,,,,,,,,,,,,,,,,,,,,,,,,,,,,,,,,,,,,,,,,,,,,,,,,,,,,,,,,,,,,,,,,,
CLOUDERA INC,,,,,,,,,,,,,,,,,,,,,,,,,,,,,,,,,,,,,,,,,,,,,,,,,,,,,,,,,,,,,,,,,,,,,,,,,,,,
CLOUDFLARE INC,,,,,,,,,,,,,,,,,,,,,,,,,,,,,,,,,,,,,,,,,,,,,,,,,,,,,,,,,,,,,,,,,,,,,,,,,,,,
CLOUDWARD INC,,,,,,,,,,,,,,,,,,,,,,,,,,,,,,20752000.0,,,23281000.0,,,26072000.0,,,,,31615000.0,,35946000.0,,,37144000.0,,,,48493000.0,,,53013000.0,,,55065000.0,,,,,68032000.0,,,71315000.0,,,74184000.0,,,,73969000.0,,76264000.0,,76053000.0,
CODE REBEL CORP,,,,,,44362.0,,79856.0,,51335.0,,,,36700.0,,44723.0,,249912.0,,,,,,,,,,,,,,,,,,,,,,,,,,,,,,,,,,,,,,,,,,,,,,,,,,,,,,,,,,
COM GUARDCOM INC,,,,,,,,,,51335.0,,,,,,,,249912.0,,,,,,,,,,,,,,,,,,,,,,,,,,,,,,,,,,,,,,,,,,,,,,,,,,,,,,,,,,
COMMVAULT SYSTEMS INC,,,,,,,,,,,,,,,,,,,,,,,,,,,,,,,,,,,,,,,,,,,,,,,,,,,,,,,,,,,,,,,,,,,,,,,,,,,,
CORNERSTONE ONDEMAND INC,,,,,,,,,,,,,,,,,,,,,,,,,,,,,,,,,,,,,,,,,,,,,,,,,,,,,,,,,,,,,,,,,,,,,,,,,,,,
COUPA SOFTWARE INC,,,,,,,,,,,,,,,,,,,,,,,,,,,,,,,,,,,,,,,,,,,,,,,,,,,,,,,,,,,,,,,,,,,,,,,,,,,,
CROWDSTRIKE HOLDINGS INC,,,,,,,,,,,,,,,,,,,,,,,,,,,,,,,,,,,,,,,,,,,,,,,,,,,,,,,,,,,,,,,,,,,,,,,,,,,,
CYBERFORT SOFTWARE INC,,,,,,,,,,51335.0,,,,,,,,249912.0,,,,,,,,0.0,,,,,,,,,,0.0,,,,,,,,,,,,,,,,,,,,,,,,,,,,,,,,,,,,,,,,
CYREN LTD,,,,,,,,,,,,,,,,,,,,,,,,,,,,,,,,,,,,,,,,,,,,,,,,,,,,,,,,,,,,,,,,,,,,,,,,,,,,
DATADOG INC,,,,,,,,,,,,,,,,,,,,,,,,,,,,,,,,,,,,,,,,,,,,,,,,,,,,,,,,,,,,,,,,,,,,,,,,,,,,
DATTO HOLDING CORP,,,,,,,,,,,,,,,,,,,,,,,,,,,,,,,,,,,,,,,,,,,,,,,,,,,,,,,,,,,,,,,,,,,,,,,,,,,,
DEALERADVANCE INC,,,,,,,,,,,,,,,,,,,,,,,,,,,,,,,,,,,,,,,,,,,,,,,,,,,,,,,,,,,,,,,,,,,,,,,,,,,,
DIGILITI MONEY GROUP INC,,,,,,,,608917.0,,855631.0,,,,1005439.0,,1001251.0,,1030000.0,,,,1460000.0,,2004974.0,,2307000.0,,,,2518000.0,,,,,,,,,,,,,,,,,,,,,,,,,,,,,,,,,,,,,,,,,,,,,,
DIGIMARC CORP,,,,,,,,,,,,,,,,,,,,,,,,,,,,,,,,,,,,,,,,,,,,,,,,,,,,,,,,,,,,,,,,,,,,,,,,,,,,
DIGITAL TURBINE INC,,,,,,,,,,,,,,,,,,,,,,,,,,,,22285000.0,,,,,15153000.0,,,15905000.0,,,22732000.0,,,,22112000.0,,,23854000.0,,30411000.0,,,,,30553000.0,,,32795000.0,,36016000.0,,,,,,59012000.0,,,70893000.0,,88592000.0,,,,,,,
DOCUSIGN INC,,,,,,,,,,,,,,,,,,,,,,,,,,,,,,,,,,,,,,,,,,,,,,,,,,,,,,,,,,,,,,,,,,,,,,,,,,,,
DOMO INC,,,,,,,,,,,,,,,,,,,,,,,,,,,,,,,,,,25903000.0,,,28302000.0,,,,,31945000.0,,34267000.0,,,36844000.0,,,,40798000.0,,,41660000.0,,,44766000.0,,,,,48561000.0,,,51131000.0,,,53645000.0,,,,60062000.0,,62825000.0,,65081000.0
DROPBOX INC,,,,,,,,,,,,,,,,,,,,,,,,,,,,,,247900000.0,,,266700000.0,,,286700000.0,,,,,316300000.0,,339200000.0,,,360300000.0,,,,385600000.0,,,401500000.0,,,428200000.0,,,,,455000000.0,,,467400000.0,,,487400000.0,,,,511600000.0,,530600000.0,,550200000.0,
DUCK CREEK TECHNOL INC,,,,,,,,,,,,,,,,,,,,,,,,,,,,,,,159772000.0,,,167795000.0,,,177008000.0,,,,,195547000.0,,209609000.0,,,224731000.0,,,,244752000.0,,,266900000.0,,,280921000.0,,,,,337106000.0,,,353683000.0,,,377519000.0,,,,433573000.0,,455594000.0,,476111000.0
DYNATRACE INC,,,,,,,,,,,,,,,,,,,,,,,,,,,,,,,,,,,,,,,,,,,98221000.0,,,101887000.0,,114690000.0,,,,,122550000.0,,,129378000.0,,143298000.0,,,,,,155508000.0,,,168586000.0,,182911000.0,,,,209740000.0,,226354000.0,
E2OPEN INC,,,,,,,,,,,,,,,,,,,,,,,,,,,,,,,,,,,,,,,,,,,,,,,,,,,,,,,,,,,,,,,,,,,168586000.0,,,,,,,,226354000.0,
EBIX INC,,,,,,,,,,,,,,,,,,,,,,,,,,,,,,79103000.0,,,87387000.0,,,92800000.0,,,,,108230000.0,,124626000.0,,,128643000.0,,,,142924000.0,,,144275000.0,,,147233000.0,,,,,137876000.0,,,111312000.0,,,154305000.0,,,,290053000.0,,246322000.0,,191736000.0,
ECOARK HOLDINGS INC,,,,,,,,,,,,,,,,,,,,,,,,,,,,2078000.0,,,,,1000.0,,,20000.0,,,14000.0,,,,753000.0,,,286000.0,,15000.0,,,,,35000.0,,,44000.0,,140000.0,,,,,,2313000.0,,,3278000.0,,4465000.0,,,,6879000.0,,6111000.0,
EGAIN CORP,,,,,,,,,,,,,,,,,,,,,,,,,,,,14999000.0,,13850000.0,,,,,,14575000.0,,,15398000.0,,15745000.0,,,,,15701000.0,,17704000.0,,17004000.0,,,,,,17190000.0,,18155000.0,,,18354000.0,,,,,,,,,,,,,,,
ELASTIC NETWORKS INC,,,,,,,,,,,,,,,,,,,,,,,,,,,,,,,,,,,,,,,,,,,,,,,,,,,,,,,,,,,,,,,,,,,,,,,,,,,,
ELASTIC NV,,,,,,,,,,,,,,,,,,,,,,,,,,,,,,,,,,,,,37038000.0,,,41681000.0,,,,56644000.0,,,63575000.0,,70835000.0,,,,,89710000.0,,,101106000.0,,113181000.0,,,,,,128870000.0,,,144894000.0,,157115000.0,,,,193095000.0,,205980000.0
ELCOM INTERNATIONAL INC,,,,,,,,,,,,,,,,,,,,,,,,,,,,,,,,,,,,,,,,,,,,,,,,,,,,,,,,,,,,,,,,,,,,,,,,,,,,
ENTERPRISE INFORMATICS INC,,,,,,,,,,,,,,,,,,,,,,,,,,,,,,,,,,,,,,,,,,,,,,,,,,,,,,,,,,,,,,,,,,,,,,,,,,,,
ENVESTNET INC,,,,,,,,,,,,,,,,,,,,,,,,,,,,,,157786000.0,,,167417000.0,,,175614000.0,,,,,198011000.0,,201116000.0,,,203156000.0,,,,199666000.0,,,224445000.0,,,236080000.0,,,,,246539000.0,,,235313000.0,,,252559000.0,,,,275105000.0,,288738000.0,,303053000.0,
EVERBRIDGE INC,,,,,,,,,,,,,,,,,,,,,,,,,,,,,,22844000.0,,,25021000.0,,,27312000.0,,,,,30519000.0,,35822000.0,,,38925000.0,,,,42819000.0,,,48405000.0,,,52547000.0,,,,,58900000.0,,,65377000.0,,,71256000.0,,,,82210000.0,,86649000.0,,96746000.0,
EVOLVING SYSTEMS INC,,,,,,,,,,,,,,,,,,,,,,,,,,,,,,5875000.0,,,6222000.0,,,7547000.0,,,,,8158000.0,,8137000.0,,,7420000.0,,,,6697000.0,,,6256000.0,,,6113000.0,,,,,6285000.0,,,6329000.0,,,6774000.0,,,,6460000.0,,6994000.0,,6974000.0,
EZENIA INC,,,,,,,,,,,,,,,,,,,,,,,,,,,,,,,,,,,,,,,,,,,,,,,,,,,,,,,,,,,,,,,,,,,,,,,,,,,,
FAIR ISAAC CORP,,,,,,,,,,,,,,,,,,,,,,,,,,,,219600000.0,,228378000.0,,,230986000.0,,,,,,235321000.0,,256260000.0,,254993000.0,,,,,262256000.0,,278234000.0,,,314249000.0,,,,,298504000000.0,,,307971000000.0,,,313731000.0,,,,,312414000000.0,,331361000000.0,,338184000.0,,,
FALCONSTOR SOFTWARE INC,,,,,,,,,,,,,,,,,,,,,,,,,,,,,,6039115.0,,,6734326.0,,,6105433.0,,,,,4993949.0,,4011581.0,,,4060161.0,,,,4492978.0,,,3999389.0,,,3972445.0,,,,,3180187.0,,,3499612.0,,,4436400.0,,,,3828326.0,,3258747.0,,3283469.0,
FANTASY ACES DAILY FANTASY,,,,,,,,,,,,,,,,,,,,,,,,,,,,,,,,,,,,,,,,,,,,,,,,,,,,,,,,,,,,,,,,,,,,,,,,,,,,
FASTLY INC,,,,,,,,,,,,,,,,,,,,,,,,,,,,,,,,,,,,,,,,,,,34448000000.0,,,36820000000.0,,,,45556000.0,,,46173000.0,,,49797000.0,,,,,62924000.0,,,74663000.0,,,70638000.0,,,,84852000.0,,85026000.0,,86735000.0,
FIREEYE INC,,,,,,,,,,,,,,,,,,,,,,,,,,,,,,184759000.0,,,191722000.0,,,197366000.0,,,,,199070000.0,,202696000.0,,,211651000.0,,,,210544000.0,,,217608000.0,,,225914000.0,,,,,224722000.0,,,97230000.0,,,100052000.0,,,,246348000.0,,113910000.0,,121970000.0,
FIVE9 INC,,,,,,,,,,,,,,,,,,,,,,,,,,,,,,47014000.0,,,47727000.0,,,50081000.0,,,,,58905000.0,,61120000.0,,,65304000.0,,,,74538000.0,,,77436000.0,,,83769000.0,,,,,95088000.0,,,99792000.0,,,112143000.0,,,,137882000.0,,143782000.0,,154328000.0,
FORTINET INC,,,,,,,,,,,,,,,,,,,,,,,,,,,,,,340600000.0,,,363500000.0,,,374200000.0,,,,,399000000.0,,441300000.0,,,453900000.0,,,,472600000.0,,,521700000.0,,,548100000.0,,,,,577700000.0,,,617600000.0,,,651100000.0,,,,710300000.0,,801100000.0,,867200000.0,
FRIENDFINDER NETWORKS INC,,,,,,,,,,,,,,,,,,,,,,,,,,,,,,,,,,,,,,,,,,,,,,,,,,,,,,,,,,,,,,,,,,,,,,,,,,,,
GIVEMEPOWER CORP,,,,,,,,,,,,,,,,,,,,,,,,,,,,,,,,,,,,,,,,,,,,,,,,,,,,,,,,,,,,,,,,,,,,,,,,,,,,
GRANDPARENTSCOM INC,,,,,,,,57346.0,,58232.0,,,,51988.0,,142582.0,,188055.0,,,,45009.0,,78760.0,,132210.0,,,,,,,,,,,,,,,,,,,,,,,,,,,,,,,,,,,,,,,,,651100000.0,,,,,,,,867200000.0,
GREEN POLKADOT BOX INC,,,,,,,,,,,,,,,,,,,,,,,,,,,,,,,,,,,,,,,,,,,,,,,,,,,,,,,,,,,,,,,,,,,,,,,,,,,,
GSE SYSTEMS INC,,,,,,,,,,,,,,,,,,188055.0,,,,,,,,132210.0,,,,,,,,,,,,,,,,,,,,,,,,,,,,,,,,,,,,,,,,,,,,,,,,,,
GUIDEWIRE SOFTWARE INC,,,,,,,,,,,,,,,,,,,,,,,,,,,,,115621000.0,,123436000.0,,,,,,108171000.0,,,163788000.0,,142149000.0,,,,,180255000.0,,168534000.0,,162867000.0,,,,,,157010000.0,,173458000.0,,,168165000.0,,,,,,169802000.0,,180062000.0,,163968000.0,,,,165934000.0
HOPTO INC,,,,,,,,,,,,,,,,,,,,,,,,,,,,,,982500.0,,,924800.0,,,1025900.0,,,,,822300.0,,866000.0,,,832300.0,,,,1053800.0,,,732000.0,,,948800.0,,,,,844600.0,,,1066100.0,,,894600.0,,,,860200.0,,899100.0,,919400.0,
HUBSPOT INC,,,,,,,,,,,,,,,,,,,,,,,,,,,,,,82252000.0,,,89093000.0,,,97726000.0,,,,,114556000.0,,122576000.0,,,131826000.0,,,,151798000.0,,,163255000.0,,,173621000.0,,,,,198968000.0,,,203608000.0,,,228385000.0,,,,281365000.0,,310788000.0,,339195000.0,
IBSG INTERNATIONAL INC,,,,,,,,,,,,,,,,,,,,,,,,,,,,,,,,,,,,,,,,,,,,,,,,,,,,,,,,,,,,,,,,,,,,,,,,,,,,
IDEANOMICS INC,,,,,,,,,,,,,,,,,,,,,,,,,,,,,,,,,,,,,,,,,,,,,,,,,,,,,14454000.0,,,3104000.0,,,,,378000.0,,,4692000.0,,,10620000.0,,,,32709000.0,,33217000.0,,27047000.0,
IMAGEWARE SYSTEMS INC,,,,,,,,,,,,,,,,,,,,,,,,,,,,,,928000.0,,,1060000.0,,,1084000.0,,,,,716000.0,,1885000.0,,,736000.0,,,,931000.0,,,812000.0,,,785000.0,,,,,796000.0,,,733000.0,,,2471000.0,,,,,,,,778000.0,
INFORMATION RESOURCES INC,,,,,,,,,,,,,,,,,,,,,,,,,,,,,,,,,,,,,,,,,,,,,,,,,,,,,,,,,,,,,,,,,,,,,,,,,,,,
INTELLINETICS INC,,,,,,,,,,,,,,,,,,,,,,,,,,,,,,707617.0,,,737269.0,,,671453.0,,,,,525374.0,,549678.0,,,673111.0,,,,515385.0,,,640608.0,,,755568.0,,,,,1213664.0,,,1836182.0,,,2511282.0,,,,2635219.0,,2909646.0,,3171362.0,
INTERMAP TECHNOLOGIES CORP,,,,,,,,,,,,,,,,,,,,,,,,,,,,,,,,,,,,,,,,,,,,,,,,,,,,,,,,,,,,,,,,,,,,,,,,,,,,
INTRUSION INC,,,,,,,,,,,,,,,,,,,,,,,,,,,,,,,,,,,,,,,,,,,,,,,,,,,,,,,,,,,,,,,,,,,2511282.0,,,,,,,,3171362.0,
INTUIT INC,,,,,,,,,,,,,,,,,,,,,,,,,,,,,1016000000.0,,2541000000.0,,,,,,910000000.0,,,1339000000.0,,2912000000.0,,,,,1016000000.0,,1502000000.0,,3272000000.0,,,,,,1165000000.0,,1696000000.0,,,3002000000.0,,,,,,1323000000.0,,1576000000.0,,4173000000.0,,,,2007000000.0
INUVO INC,,,,,,,,,,,,,,,,,,,,,,,,,,,,,,,,,,,,,,,,,,,,,,,,,,,,,,,,,,,,,,,,,,,,1323000000.0,,,,,,,,2007000000.0
IRONCLAD ENCRYPTION CORP,,,,,,,,,,,,,,,,,,,,,,,,,,,,,,,,,0.0,,,0.0,,,0.0,,,,579236.0,,,200975.0,,0.0,,,,,0.0,,,0.0,,0.0,,,,,,,,,,1323000000.0,,,,,,,,2007000000.0
ISIGN SOLUTIONS INC,,,,,,,,,,,,,,,,,,,,,,,,,,,,,,211000.0,,,215000.0,,,230000.0,,,,,214000.0,,226000.0,,,197000.0,,,,199000.0,,,227000.0,,,213000.0,,,,,190000.0,,,227000.0,,,242000.0,,,,259000.0,,268000.0,,282000.0,
ISOCIALY INC,,,,,,,,,,,,,,,,,,,,,,,,,,,,,,,,,,,,,,,,,,,,,,,,,,,,,,,,,,,,,,,,,,,,,,,,,,,,
ISSUER DIRECT CORP,,,,,,,,,,,,,,,,,,,,,,,,,,,,,,2856000.0,,,3443000.0,,,2931000.0,,,,,3530000.0,,3799000.0,,,3255000.0,,,,4179000.0,,,4138000.0,,,4019000.0,,,,,4016000.0,,,4884000.0,,,4882000.0,,,,,,,,,
IVEDA SOLUTIONS INC,,,,,,,,,,,,,,,,,,,,,,,,,,,,,,,,,,,,,,,,,,,,,,,,,,,,,,,,,,,,,,,,,,,278238.0,,,,,,,,411452.0,
J2 GLOBAL INC,,,,,,,,,,,,,,,,,,,,,,,,,,,,,,254669000.0,,,273174000.0,,,273616000.0,,,,,280623000.0,,287889000.0,,,292724000.0,,,,299893000.0,,,322432000.0,,,344141000.0,,,,,332393000.0,,,330984000.0,,,356976000.0,,,,398185000.0,,429044000.0,,444252000.0,
JACK IN THE BOX INC,,,,,,,,,,,,,,,,,,,,,,,,,,,,,,,265884000.0,,,246101000.0,,,,,,294463000.0,,209772000.0,,187983000.0,,,,,290786000.0,,215727000.0,,,222359000.0,,,,,307673000.0,,,216157000.0,,,242275000.0,,,,,338541000.0,,257217000.0,,269458000.0,,
JAMF HOLDING CORP,,,,,,,,,,,,,,,,,,,,,,,,,,,,,,,,,,,,,,,,,,,,,,,,,,,,,,,,,,,,,,,,,242275000.0,,,,,,,,,269458000.0,,
JDA SOFTWARE GROUP INC,,,,,,,,,,,,,,,,,,,,,,,,,,,,,,,,,,,,,,,,,,,,,,,,,,,,,,,,,,,,,,,,,,,,,,,,,,,,
JFROG LTD,,,,,,,,,,,,,,,,,,,,,,,,,,,,,,,,,,,,,,,,,,,,,,,,,,,,,,,,27844000.0,,,,,32821000.0,,,36431000.0,,,38886000.0,,,,45087000.0,,48657000.0,,53703000.0,
KRONOS INC,,,,,,,,,,,,,,,,,,,,,,,,,,,,,,,,,,,,,,,,,,,,,,,,,,,,,,,,,,,,,,,,,,,,,,,,,,,,
LAWSON SOFTWARE INC,,,,,,,,,,,,,,,,,,,,,,,,,,,,,,,,,,,,,,,,,,,,,,,,,,,,,,,,,,,,,,,,,,,,,,,,,,,,
LEVELBLOX INC,,,,,,,,,,,,,,,,8196.0,,,,,,,,453.0,,,,,,,,,,,,,,,,,,,,,,,,,,10000.0,,,,,,27844000.0,,,,,,,,,,,38886000.0,,,,,,,,,
LIQUID HOLDINGS GROUP INC,,,,,,,,,,,,,,,,,,,,,,,,,,,,,,,,,,,,,,,,,,,,,,,,,,10000.0,,,,,,,,,,,,,,,,,,,,,,,,,,
LIVEPERSON INC,,,,,,,,,,,,,,,,,,,,,,,,,,,,,,50919000.0,,,54074000.0,,,56493000.0,,,,,58241000.0,,61660000.0,,,64213000.0,,,,66402000.0,,,70959000.0,,,75175000.0,,,,,78088000.0,,,91603000.0,,,94804000.0,,,,107891000.0,,119605000.0,,118327000.0,
MAIL BOXES ETC,,,,,,,,,,,,,,,,,,,,,,,,,,,,,,,,,,,,,,,,,,,,,,,,,,,,,,,,,,,,,,,,,,,,,,,,,,,,
MANHATTAN ASSOCIATES INC,,,,,,,,,,,,,,,,,,,,,,,,,,,,,,143489000.0,,,154141000.0,,,152883000.0,,,,,130569000.0,,141871000.0,,,142351000.0,,,,148404000.0,,,154341000.0,,,162275000.0,,,,,153903000.0,,,135630000.0,,,149757000.0,,,,156850000.0,,166114000.0,,169185000.0,
MARIN SOFTWARE INC,,,,,,,,,,,,,,,,,,,,,,,,,,,,,,20333000.0,,,18742000.0,,,18224000.0,,,,,15402000.0,,14251000.0,,,13153000.0,,,,13448000.0,,,12476000.0,,,11728000.0,,,,,8660000.0,,,7275000.0,,,6796000.0,,,,6308000.0,,6094000.0,,6155000.0,
MAX SOUND CORP,,,,,,,,,,,,,,,,,,,,,,,,,,,,,,,,,,,,,,,,,,,,,,,,,,,,,,,,,,,,,,,,7275000.0,,,,,,,,,6094000.0,,,
MEDALLIA INC,,,,,,,,,,,,,,,,,,,,,,,,,,,,,,,,,,,,,,,,,,,,75426000.0,,,81166000.0,,,,93619000.0,,,95670000.0,,,103074000.0,,,,,112691000.0,,,115525000.0,,,120958000.0,,,,131374000.0,,144108000.0,,
MGT CAPITAL INVESTMENTS INC,,,,,,,,,,,,,,,,,,,,,,,,,,,,,,312000.0,,,388000.0,,,515000.0,,,,,956000.0,,409000.0,,,589000.0,,,,28000.0,,,70000.0,,,92000.0,,,,,677000.0,,,460000.0,,,153000.0,,,,293000.0,,244000.0,,244000.0,
MICROSOFT CORP,,,,,,,,,,,,,,,,,,,,,,,,,,,,,,,,,,,,,,,,,,,,,,,,,,,,,,,,,,,,,,,,,,,153000.0,,,,,,,,244000.0,
MICROSTRATEGY INC,,,,,,,,,,,,,,,,,,,,,,,,,,,,,,,,,,,,,,,,,,,,,,,,,,,,,,,,,,,,,,,,,,,153000.0,,,,,,,,244000.0,
MITEK SYSTEMS INC,,,,,,,,,,,,,,,,,,,,,,,,,,,,9269000.0,,11419000.0,,,11798000.0,,,,,,12136000.0,,14277000.0,,16109000.0,,,,,,,,,,,,,,,,,,,,,,,,,,,,,,,,,
MIX TELEMATICS LTD,,,,,,,,,,,,,,,,,,,,,,,,,,,,,,,,,,,,,,,,,,,,,,,,,,,,,36283000.0,,,36661000.0,,36469000.0,,,,,,27497000.0,,,30948000.0,,34104000.0,,,,34898000.0,,36074000.0,
MOBILEIRON INC,,,,,,,,31467000.0,,34917000.0,,,,33494000.0,,34757000.0,,38001000.0,,,,38007000.0,,38881000.0,,41566000.0,,,,42288000.0,,,42652000.0,,,42720000.0,,,,,43689000.0,,46129000.0,,,49251000.0,,,,48082000.0,,,50865000.0,,,52201000.0,,,,,,,,,,,49999000.0,,,,,,,,36074000.0,
MODEL N INC,,,,,,,,,,,,,,,,,,,,,,,,,,,,28063000.0,,33257000.0,,,34244000.0,,,,,,39067000.0,,39234000.0,,39617000.0,,,,,35077000.0,,34843000.0,,,34712000.0,,,,,38388000.0,,,39952000.0,,,41256000.0,,,,,42734000.0,,48192000.0,,51038000.0,,,
MONGODB INC,,,,,,,,,,,,,,,,,,,,,,,,,,,,,,,32390000.0,,,35600000.0,,,41488000.0,,,,,50139000.0,,59611000.0,,,71782000.0,,,,89388000.0,,,99368000.0,,,109441000.0,,,,,130329000.0,,,138281000.0,,,150771000.0,,,,181648000.0,,198747000.0,,226893000.0
NCINO INC,,,,,,,,,,,,,,,,,,,,,,,,,,,,,,,,,,,,,,,,,,,,,,,,,,,,,,31978000.0,,,37862000.0,,,,,44712000.0,,,48765000.0,,,54229000.0,,,,62355000.0,,66519000.0,,70036000.0
NEOMEDIA TECHNOLOGIES INC,,,,,,,,654000.0,,1002000.0,,,,,,783000.0,,737000.0,,,,,,,,,,,,,,,,,,,,,,,,,,,,,,,,,,,,,,,,,,,,,,,,,,54229000.0,,,,,,,,70036000.0
NETSOL TECHNOLOGIES INC,,,,,,,,,,,,,,,,,,,,,,,,,,,,15858786.0,,17949320.0,,,,,,12818776.0,,,14446435.0,,17043820.0,,,,,16396545.0,,17002627.0,,17127055.0,,,,,,13572416.0,,15690019.0,,,13530837.0,,,,,,12647378.0,,13121460.0,,13783996.0,,,,13420761.0,
NEW RELIC INC,,,,,,,,,,,,,,,,,,,,,,,,,,,,68096000.0,,,,,80098000.0,,,84685000000.0,,,91827000.0,,,,108221000.0,,,114896000.0,,124011000.0,,,,,141010000.0,,,145815000.0,,153028000.0,,,,,,162585000.0,,,166054000.0,,166340000.0,,,,180484000.0,,195694000.0,
NORTONLIFELOCK INC,,,,,,,,,,,,,,,,,,,,,,,,,,,,1041000000.0,,,,,1175000000.0,,,1240000000.0,,,1209000000.0,,,,1156000000.0,,,612000000.0,,615000000.0,,,,,,650000000.0,,,608000000.0,,618000000.0,,,,,,614000000.0,,,626000000.0,,639000000.0,,,,686000000.0,,692000000.0
NOTIFY TECHNOLOGY CORP,,,,,,,,,,,,,,,,,,,,,,,,,,,,,,,,,,,,,,,,,,,,,,,,,,,,,,,,,,,,,,,,,,,,,,,,,,,,
NUANCE COMMUNICATIONS INC,,,,,,,,,,,,,,,,,,,,,,,,,,,,,,,,,,,,,,,,,,,,,,,,,,,,,,,,,,,,,,,,,,,,626000000.0,,,,,,,,692000000.0
NUTANIX INC,,,,,,,,,,,,,,,,,,,,,,,,,,,,,199214000.0,,205670000.0,,,,,,275552000.0,,,286744000.0,,289413000.0,,,,,313283000.0,,335360000.0,,287624000.0,,,,,,314768000.0,,346767000.0,,,318273000.0,,,,,,312754000.0,,346382000.0,,344508000.0,,,,378517000.0
OBLONG INC,,,,,,,,,,,,,,,,,,,,,,,,,,,,,,4080000.0,,,3856000.0,,,3481000.0,,,,,3474000.0,,3293000.0,,,2931000.0,,,,2594000.0,,,2439000.0,,,2370000.0,,,,,5328000.0,,,2816000.0,,,3266000.0,,,,1918000.0,,2049000.0,,1799000.0,
OKTA INC,,,,,,,,,,,,,,,,,,,,,,,,,,,,,,,52325000.0,,,60259000.0,,,66911000.0,,,,,83621000.0,,94586000.0,,,105576000.0,,,,125223000.0,,,140480000.0,,,153037000.0,,,,,182859000.0,,,200446000.0,,,217379000.0,,,,251006000.0,,315500000.0,,350680000.0
OMTOOL LTD,,,,,,,,,,,,,,,,,,,,,,,,,,,,,,,,,,,,,,,,,,,,,,,,,,,,,,,,,,,,,,,,,,,,,,,,,,,,
ONESPAN INC,,,,,,,,,,,,,,,,,,,,,,,,,,,,,,41965000.0,,,45694000.0,,,51126000.0,,,,,45432000.0,,49554000.0,,,52495000.0,,,,47608000.0,,,56167000.0,,,79691000.0,,,,,56370000.0,,,54954000.0,,,51439000.0,,,,50775000.0,,52277000.0,,52276000.0,
ORACLE CORP,,,,,,,,,,,,,,,,,,,,,,,,,,,,,,,,,,,,,,,,,,,,,,,,,,,,,,,,,,,,,,,,,,,,,,,,,,,,
PAGERDUTY INC,,,,,,,,,,,,,,,,,,,,,,,,,,,,,,,,,,,,,,,,,,25020000.0,,27744000.0,,,31229000.0,,,,37314000.0,,,40361000.0,,,42750000.0,,,,,49786000.0,,,50714000.0,,,53772000.0,,,,63591000.0,,67536000.0,,71760000.0
PAID INC,,,,,,,,,,,,,,,,,,,,,,,,,,,,,,,,,,,,,,,,,,,,,,,,,,,,,,,,,,,,,,,,3218872.0,,,3409316.0,53772000.0,,,,,4015810.0,,3480109.0,71760000.0
PALO ALTO NETWORKS INC,,,,,,,,,,,,,,,,,,,,,,,,,,,,,422600000.0,,431800000.0,,,,,,501800000.0,,,545600000.0,,567700000.0,,,,,656000000.0,,711200000.0,,726600000.0,,,,,,771900000.0,,816700000.0,,,869400000.0,,,,,3409316.0,946000000.0,,1016900000.0,,1073900000.0,,,3480109.0,1247400000.0
PARETEUM CORP,,,,,,,,,,,,,,,,,,,,,,,,,,,,,,2794943.0,,,3239175.0,,,3498688.0,,,,,4112570.0,,6003180.0,,,8007734.0,,,,23039913.0,,,34148396.0,,,,,,,,,,,,,,,,,,,,,,,
PARK CITY GROUP INC,,,,,,,,,,,,,,,,,,,,,,,,,,,,4785589.0,,4748652.0,,,,,,4712165.0,,,5724706.0,,5278783.0,,,,,5941994.0,,5565237.0,,5006132.0,,,,,,4800084.0,,4837332.0,,,4633244.0,,,,,,5225402.0,,10399606.0,,6022540.0,,,,,
PAYBOX CORP,,,,,,,,,,,,,,,,,,,,,,,,,,,,,,,,,,,,,,,,,,,,,,,,,,,,,,,,,,,,,4633244.0,,,,,,,,,,6022540.0,,,,,
PAYCHEX INC,,,,,,,,,,,,,,,,,,,,,,,,,,,,,,,,,,,,,,,,,,,,,,,,,,,,,,,,,,,,,4633244.0,,,,,,,,,,6022540.0,,,,,
PAYCOM SOFTWARE INC,,,,,,,,,,,,,,,,,,,,,,,,,,,,,,,,,,,,,,,,,,,,,,,,,,,,,,,,,,,,,4633244.0,,,,,,,,,,6022540.0,,,,,
PAYLOCITY HOLDING CORP,,,,,,,,,,,,,,,,,,,,,,,,,,,,68654000.0,,90273000.0,,,,,,81500000.0,,,86004000.0,,113407000.0,,,,,100504000.0,,107204000.0,,139552000.0,,,,,,126720000.0,,132374000.0,,,171646000.0,,,,,,135794000.0,,,,,,,,,
PEGASYSTEMS INC,,,,,,,,,,,,,,,,,,,,,,,,,,,,,,,,,,,,,,,,,,,,,,,,,,,,,,,,126720000.0,,,,,,,,,,,135794000.0,,,,,,,,,
PHUNWARE INC,,,,,,,,,,,,,,,,,,,,,,,,,,,,,,,,,,,,,,,,,,,,,,,,,,,,,,,,,,,,,,,,,,,,,,,,,,,,
PING IDENTITY HOLDING CORP,,,,,,,,,,,,,,,,,,,,,,,,,,,,,,,,,,,,,,,,,,,,,,42619000.0,,,,50438000.0,,,62460000.0,,,61765000.0,,,,,61412000.0,,,58981000.0,,,59941000.0,,,,68944000.0,,78904000.0,,76184000.0,
PLURALSIGHT INC,,,,,,,,,,,,,,,,,,,,,,,,,,,,,,,,,38891000.0,,,43286000.0,,,,,49644000.0,,53572000.0,,,61553000.0,,,,69617000.0,,,75862000.0,,,82620000.0,,,,,92646000.0,,,94765000.0,,,99465000.0,,,,,,,,,
PRIMAL SOLUTIONS INC,,,,,,,,,,,,,,,,,,,,,,,,,,,,,,,,,,,,,,,,,,,,,,,,,,,,,,,,,,,,,,,,,,,,,,,,,,,,
PROOFPOINT INC,,,,,,,,,,,,,,,,,,,,,,,,,,,,,,115635000.0,,,122441000.0,,,134686000.0,,,,,162461000.0,,171875000.0,,,184179000.0,,,,202937000.0,,,214439000.0,,,227385000.0,,,,,249774000.0,,,258438000.0,,,266669000.0,,,,287831000.0,,308653000.0,,,
PROS HOLDINGS INC,,,,,,,,,,,,,,,,,,,,,,,,,,,,,,40129000.0,,,40406000.0,,,41937000.0,,,,,47910000.0,,47426000.0,,,49075000.0,,,,56131000.0,,,63878000.0,,,64150000.0,,,,,66311000.0,,,63747000.0,,,61508000.0,,,,,,,,,
PTC INC,,,,,,,,,,,,,,,,,,,,,,,,,,,,286327000.0,,,280040000.0,,,291293000.0,,,,,306644000.0,,307883000.0,,314777000.0,,,,,334689000.0,,290451000.0,,,295486000.0,,,,,356110000.0,,,359603000.0,,,351721000.0,,,,,429050000.0,,461785000.0,,435668000.0,,,
PULSE EVOLUTION CORP,,,,,,,,,,,,,,,,,,,,,,,,,,,,,,,,,,,,,,,,,,,,,,,,,,,,,,,,,,,,,,,,351721000.0,,,,,,,,,435668000.0,,,
Q2 HOLDINGS INC,,,,,,,,,,,,,,,,,,,,,,,,,,,,,,44534000.0,,,47625000.0,,,50116000.0,,,,,54808000.0,,58574000.0,,,60541000.0,,,,71296000.0,,,77646000.0,,,79702000.0,,,,,92380000.0,,,97581000.0,,,103804000.0,,,,116520000.0,,123573000.0,,126736000.0,
QAD INC,,,,,,,,,,,,,,,,,,,,,,,,,,,,,,,71382000.0,,,75958000.0,,,76925000.0,,,,,86190000.0,,84543000.0,,,79577000.0,,,,78035000.0,,,76378000.0,,,77807000.0,,,,,74147000.0,,,74081000.0,,,76660000.0,,,,82971000.0,,84839000.0,,
QUALYS INC,,,,,,,,,,,,,,,,,,,,,,,,,,,,,,53121000.0,,,55302000.0,,,59490000.0,,,,,64878000.0,,68153000.0,,,71658000.0,,,,75343000.0,,,78929000.0,,,82671000.0,,,,,86263000.0,,,88830000.0,,,93069000.0,,,,96756000.0,,99702000.0,,104934000.0,
QUMU CORP,,,,,,,,,,,,,,,,,,,,,,,,,,,,,,6711000.0,,,6654000.0,,,7573000.0,,,,,4831000.0,,7626000.0,,,5653000.0,,,,7098000.0,,,5365000.0,,,6671000.0,,,,,6227000.0,,,9334000.0,,,6630000.0,,,,5820000.0,,5867000.0,,6425000.0,
RAADR INC,,,,,,,,,,,,,,,,,,,,,,,,,,,,,,,,,,,,,,,,,,,,,,5653000.0,,,,,,,,,,6671000.0,,,,,,,,,,,,,,,,,,,,
RAND WORLDWIDE INC,19352000.0,,,18544000.0,24023000.0,24746000.0,,,,,,,22415000.0,23474000.0,,,,,,,,,,,,,,,,,,,,,,,,,,,,,,,,,,,,,,,,,,,,,,,,,,,,,,,,,,,,,,
RAPID7 INC,,,,,,,,,,,,,,,,,,,,,,,,,,,,,,45245000.0,,,47443000.0,,,50521000.0,,,,,54515000.0,,58441000.0,,,62365000.0,,,,73185000.0,,,78959000.0,,,83155000.0,,,,,94340000.0,,,98912000.0,,,105075000.0,,,,117451000.0,,126421000.0,,139894000.0,
REALNETWORKS INC,,,,,,,,,,,,,,,,,,,,,,,,,,,,,,,,,,,,,,,,,,,,,,,,,,,,,44248000.0,,,17691000.0,,,,,,,,40424000.0,,,16554000.0,,,,,,,,,
REALPAGE INC,,,,,,,,,,,,,,,,,,,,,,,,,,,,,,,,,,,,,,,,,,,,,,,,,,,,,,,,,,,,,,,,,,,,,,,,,,,,
RIGHTSCORP INC,,49256.0,52670.0,64949.0,,188933.0,,251481.0,,248387.0,,,,307904.0,,233816.0,,215196.0,,,,68283.0,,146043.0,,139834.0,,,,161570.0,,,125276.0,,,122514.0,,,,,,,,,,,,,,,,,,,,,,,,,,,,,,,,,,,,,,,,
RINGCENTRAL INC,,,,,,,,,,,,,,,,,,,,,,,,,,,,,,,,,,,,,,,,,,,,,,,,,,201489000.0,,,215152000.0,,,233352000.0,,,,,267512000.0,,,277985000.0,,,303624000.0,,,,352356000.0,,379273000.0,,414629000.0,
RIOT BLOCKCHAIN INC,,,,,,,,,,,,,,,,,,,,,,,,,,,,,,24175.0,,,,,,,,,,,925554.0,,,,,,,,,,,,,,,,,,,,,,,,,,,,,,,,,,,
ROCKETFUEL BLOCKCHAIN INC,,,,,,,,,,,,,,,,,,,,,,,,,,,,,,,,,,,,,,,,,,,,,,,,,,,,,,,,,,,,,,,,,,,,,,,,,2500.0,,9375.0,
RORINE INTL HOLDING CORP,,,,,,,,,,,,,,,,,,,,,,,,,,,,,,,,,,,,,,,,,,,,,,,,,,,,,,,,,,,,,,,,,,,,,,,,,,,,
ROSETTA STONE INC,,,,,,,,,,,,,,,,,,,,,,,,,,,,,,,,,,,,,,,,,,,,,,,,,,,,,,,,,,,,,,,,,,,,,,,,,,,9375.0,
SAILPOINT TECHNO HLDG,,,,,,,,,,,,,,,,,,,,,,,,,,,,,,,,,39260000.0,,,43562000.0,,,,,48941000.0,,53656000.0,,,65735000.0,,,,60583000.0,,,63054000.0,,,75879000.0,,,,,75442000.0,,,92458000.0,,,94013000.0,,,,90762000.0,,102486000.0,,110110000.0,
SALESFORCECOM INC,,,,,,,,,,,,,,,,,,,,,,,,,,,,,,,2397000000.0,,,2577000000.0,,,2701000000.0,,,,,3006000000.0,,3281000000.0,,,3392000000.0,,,,3737000000.0,,,3997000000.0,,,4513000000.0,,,,,4865000000.0,,,5151000000.0,,,5419000000.0,,,,5963000000.0,,6340000000.0,,6863000000.0
SCIENT INC,,,,,,,,,,,,,,,,,,,,,,,,,,,,,,,,,,,,,,,,,,,,,,,,,,,,,,,,,,,,,,,,,,,,,,,,,,,,
SEACHANGE INTERNATIONAL INC,,,,,,,,,,,,,,,,,,,,,,,,,,,,,,,16667000.0,,,17225000000.0,,,23430000.0,,,,,14935000.0,,11901000.0,,,18611000.0,,,,8485000.0,,,18812000.0,,,20544000.0,,,,,6915000.0,,,4995000.0,,,4966000.0,,,,5052000.0,,6540000.0,,7151000.0
SECUREWORKS CORP,,,,,,,,,,,,,,,,,,,,,,,,,,,,,,,,,,,,,,,,,,,,,,,,,,,,,,,,,,,,,,,,,,,,,,,,,,,,
SERVICENOW INC,,,,,,,,,,,,,,,,,,,,,,,,,,,,,,,,,448258000.0,,,492372000.0,,,,,589222000.0,,631056000.0,,,673097000.0,,,,788926000.0,,,833904000.0,,,885833000.0,,,,,1046000000.0,,,1071000000.0,,,1152000000.0,,,,1360000000.0,,1409000000.0,,1512000000.0,
SHARPSPRING INC,,,,,,,,,,,,,,,,,,,,,,,,,,,,,,,,,,,,,,,,,,,,,,,,,,,,,,,,,,,,,,,,,,,1152000000.0,,,,,,,,1512000000.0,
SHOTSPOTTER INC,,,,,,,,,,,,,,,,,,,,,,,,,,,,,,4562000.0,,,5836000.0,,,6846000.0,,,,,6907000.0,,8927000.0,,,9211000.0,,,,9593000.0,,,10260000.0,,,9984000.0,,,,,10458000.0,,,11277000.0,,,11350000.0,,,,15013000.0,,14624000.0,,14547000.0,
SIMTROL INC,,,,,,,,,,,,,,,,,,,,,,,,,,,,,,,,,,,,,,,,,,,,,,,,,,,,,,,,,,,,,,,,,,,,,,,,,,,,
SITO MOBILE LTD,,,,,,,,,,,,,,,,,,,,,,,,,,,,,,,,,,,,,,,,,,,,,,,,,,,,,,,,,,,,,,,,,,,,,,,,,,,,
SKYBOX INTL INC,,,,,,,,,,,,,,,,,,,,,,,,,,,,,,,,,,,,,,,,,,,,,,,,,,,,,,,,,,,,,,,,,,,,,,,,,,,,
SLACK TECHNOLOGIES INC,,,,,,,,,,,,,,,,,,,,,,,,,,,,,,,,,,,,,,,,,,,,,,,,,,,,,,,,,,,,,,201650000.0,,,,,,,,,,273357000.0,,,,
SMARTMETRIC INC,,,,,,,,,,,,,,,,,,,,,,,,,,,,,,,,,,,,,,,,,,,,,,,,,,,,,,,,,,,,,,,,,,,,,,,,,,,,
SMARTSHEET INC,,,,,,,,,,,,,,,,,,,,,,,,,,,,,,,,,,,,,,,,,,,,42384000.0,,,46868000.0,,,,56194000.0,,,64644000.0,,,71525000.0,,,,,85487000.0,,,91222000.0,,,98933000.0,,,,117082000.0,,131736000.0,,144628000.0
SMITH MICRO SOFTWARE INC,,,,,,,,,,,,,,,,,,,,,,,,,,,,,,5576000.0,,,5862000.0,,,5804000.0,,,,,5463000.0,,6945000.0,,,6525000.0,,,,8432000.0,,,10854000.0,,,11782000.0,,,,,13322000.0,,,12933000.0,,,12629000.0,,,,11381000.0,,15919000.0,,16443000.0,
SNOWFLAKE INC,,,,,,,,,,,,,,,,,,,,,,,,,,,,,,,,,,,,,,,,,,,,,,,,,,,,,,,,,73012000.0,,,,,108815000.0,,,133145000.0,,,159624000.0,,,,228914000.0,,272198000.0,,334441000.0
SOFTECH INC,,,,,,,,,,,,,,,,,,,,,,,,,,,,,,,,,,,,,,,,,,,,,,,,,,,,,,,,,,,,,,,,,,,,,,,,,,,,
SOLARWINDS CORP,,,,,,,,,,,,,,,,,,,,,,,,,,,,,,,,,,,,189112000.0,,,,,196913000.0,,201718000.0,,,213277000.0,,,,215792000.0,,,228748000.0,,,240490000.0,,,,,246950000.0,,,246015000.0,,,184818000.0,,,,256902000.0,,261974000.0,,181271000.0,
SONIC FOUNDRY INC,,,,,,,,,,,,,,,,,,,,,,,,,,,,,,,,,,,,,,,8895000.0,,8460000.0,,8699000.0,,,,,7502000.0,,7997000.0,,,10068000.0,,,,,8015000.0,,,8666000.0,,,7917000.0,,,,,9165000.0,,8711000.0,,8661000.0,,,
SPLUNK INC,,,,,,,,,,,,,,,,,,,,,,,,,,,,,,,226768000.0,,,280224000.0,,,342489000.0,,,,,311639000.0,,388303000.0,,,480983000.0,,,,424850000.0,,,516558000.0,,,626336000.0,,,,,434077000.0,,,491658000.0,,,558572000.0,,,,502051000.0,,605743000.0,,664751000.0
SPROUT SOCIAL INC,,,,,,,,,,,,,,,,,,,,,,,,,,,,,,,,,,,,,,,,,,,,,,,,,,,,,,,,,,,,,,,,31402000.0,,,33666000.0,,,,,,44685000.0,,49091000.0,
SPS COMMERCE INC,,,,,,,,,,,,,,,,,,,,,,,,,,,,,,,,,,,,,,,,,,,,,,,,,,,,,,,,,,,,,74192000.0,,,75573000.0,,,79557000.0,,,,90094000.0,,94539000.0,,97887000.0,
SSC TECHNOLOGIES HLDGS INC,,,,,,,,,,,,,,,,,,,,,,,,,,,,,,,,,,,,,,,,,,,,,,,,,,,,,,,,,,,,,,,,,,,,,,,,,,,,
SSI INVESTMENTS II LTD,,,,,,,,,,,,,,,,,,,,,,,,,,,,,,,,,,,,,,,,,,,,,,,,,,,,,,,,,,,,,,,,,,,,,,,,,,,,
SUMO LOGIC INC,,,,,,,,,,,,,,,,,,,,,,,,,,,,,,,,,,,,,,,,,,,,,,,,,,,,,,,,,40513000.0,,,,,47202000.0,,,49415000.0,,,51868000.0,,,,54219000.0,,58841000.0,,62016000.0
SVMK INC,,,,,,,,,,,,,,,,,,,,,,,,,,,,,,,,,,,,55309000.0,,,,,58491000.0,,62696000000.0,,,65205000.0,,,,68641000.0,,,75139000000.0,,,79317000.0,,,,,88265000.0,,,90941000000.0,,,95429000.0,,,,102298000.0,,109392000000.0,,114754000.0,
SYNACOR INC,,,,,,,,,,,,,,,,,,,,,,,,,,,,,,,,,,,,,,,,,,,,,,,,,,,,,,,,,,,,,,,,,,,,,,,,,,,,
SYNCHRONOSS TECHNOLOGIES,,,,,,,,,,,,,,,,,,,,,,78246000.0,,121101000.0,,119936000.0,,,,86097000.0,,,118990000.0,,,91015000.0,,,,,83709000.0,,76742000.0,,,83286000.0,,,,88105000.0,,,77846000.0,,,52210000.0,,,,,77122000.0,,,76535000.0,,,68636000.0,,,,65499000.0,,71532000.0,,69753000.0,
SYNOPSYS INC,,,,,,,,,,,,,,,,,,,,,,,,,,,,,,,,,,,,,,,,,,,,,,,,,,,,,,,,,,,,,,,,,,,68636000.0,,,,,,,,69753000.0,
TAUTACHROME INC,,,,,,,,,,,,,,,,,,,,,,,,,,,,,,,,,,,,,,,,,,,,,,,,,,,,,,,,,,,,,,,,,,,68636000.0,,,,,,,,69753000.0,
TELENAV INC,,,,,,,,,,,,,,,,,,,,,,,,,,,,,,,,,,,,,,,,,,,,,,,,,,,,,,,,,,,,,,,,,,,,,,,,,,,,
TENABLE HOLDINGS INC,,,,,,,,,,,,,,,,,,,,,,,,,,,,,,,,,,,,,,,,,,,,,,,,,,,,,,,,,,,,,,,,,,,68636000.0,,,,,,,,69753000.0,
TERADATA CORP,,,,,,,,,,,,,,,,,,,,,,,,,,,,,,,,,,,,,,,,,,,,,,,,,,,,,,,,,,,,,,,,,,,,,,,,,,,,
THEGLOBECOM INC,,,,,,,,,,,,,,,,,,,,,,,,,,,,,,0.0,,,0.0,,,0.0,,,,,0.0,,0.0,,,0.0,,,,,,,,,,,,,,,,,,,,,68636000.0,,,,,,,,69753000.0,
TIBCO SOFTWARE INC,,,,,,,,,,,,,,,,,,,,,,,,,,,,,,,,,,,,,,,,,,,,,,,,,,,,,,,,,,,,,,,,,,,,,,,,,,,,
TINTRI INC,,,,,,,,,,,,,,,,,,,,,,,,,,,,,,,,,,,,,,,,,,,,,,,,,,,,,,,,,,,,,,,,,,,,,,,,,,,,
TMM INC,,,,,,,,,,,,,,,,,,,,,,,,,,,,,,,,,,,,,,,,,,,,,,,,,,,,,,,,,,,,,,,,,,,,,,,,,,,,
TRADE DESK INC,,,,,,,,,,,,,,,,,,,,,,,,,,,,,,,,,,,,,,,,,,,,,,,,,,,,,,,,,,,,,,,,,,,216113000.0,,,,,,,,301091000.0,
TWILIO INC,,,,,,,,,,,,,,,,,,,,,,,,,,,,,,87372000.0,,,95870000.0,,,100542000.0,,,,,129116000.0,,147754000.0,,,168895000.0,,,,233139000.0,,,275039000.0,,,295066000.0,,,,,364868000.0,,,400849000.0,,,447969000.0,,,,589988000.0,,668931000.0,,740176000.0,
TYLER TECHNOLOGIES INC,,,,,,,,,,,,,,,,,,,,,,,,,,,,,,199729000.0,,,208763000.0,,,214706000.0,,,,,221174000.0,,236060000.0,,,236067000.0,,,,247066000.0,,,275124000.0,,,275400000.0,,,,,276541000.0,,,271091000.0,,,285746000.0,,,,294802000.0,,404075000.0,,459873000.0,
ULTIMATE SOFTWARE GROUP INC,,,,,,,,,,,,,,,,,,,,,,,,,,,,,,,,,,,,,,,,,,,,,,,,,,,,,,,,,,,,,,,,,,,,,,,,,,,,
UNITRONIX CORP,,,,,,,,,,,,,,,,,,,,,,,,,,,,,,,,,,,,,,,,,,,,,,,,,,,,,,,,,,,,,,,,,,,,,,,,,,,,
UNITY SOFTWARE INC,,,,,,,,,,,,,,,,,,,,,,,,,,,,,,,,,,,,,,,,,,,,,,,,,,,,,,,,130943000.0,,,,,166994000.0,,,184331000.0,,,200784000.0,,,,234772000.0,,273562000.0,,286328000.0,
UPLAND SOFTWARE INC,,,,,,,,,,,,,,,,,,,,,,,,,,,,,,20752000.0,,,23281000.0,,,26072000.0,,,,,31615000.0,,35946000.0,,,37144000.0,,,,48493000.0,,,53013000.0,,,55065000.0,,,,,68032000.0,,,71315000.0,,,74184000.0,,,,73969000.0,,76264000.0,,76053000.0,
VANCORD CAPITAL INC,,,,,,,,,,,,,,,,,,,,,,,,,,,,,,,,,,,,,,,,,,,,,,,,,,,,,,,,,,,,,,,,,,,,,,,,,,,,
VARONIS SYSTEMS INC,,,,,,,,,,,,,,,,,,,,,,,,,,,,,,,,,23281000.0,,,,,,,,,,35946000.0,,,,,,,,,,,,,,,,,,,,,,,,,,,,,,,,,
VDOPH INTERNATIONAL INC,,,,,,,,,,,,,,,,,,,,,,,,,,,,,,,,,23281000.0,,,,,,,,,,35946000.0,,,,,,,,,,,,,,,,,,,,,,,,,,,,,,,,,
VEEVA SYSTEMS INC,,,,,,,,,,,,,,,,,,,,,,,,,,,,,,,159772000.0,,,167795000.0,,,177008000.0,,,,,195547000.0,,209609000.0,,,224731000.0,,,,244752000.0,,,266900000.0,,,280921000.0,,,,,337106000.0,,,353683000.0,,,377519000.0,,,,433573000.0,,455594000.0,,476111000.0
VERB TECHNOLOGY CO INC,,,,,,,,,,,,,,,,,,,,,,,,,,,,,,,,,,,,,,,,,,,,,,,,,,,,,3733000.0,,,2873000.0,,,,,2354000.0,,,2652000.0,,,2860000.0,,,,2526000.0,,2392000.0,,2900000.0,
VERINT SYSTEMS INC,,,,,,,,,,,,,,,,,,,,,,,,,,,,,,,260995000.0,,,274777000.0,,,280726000.0,,,,,289207000.0,,110042000.0,,,303983000.0,,,,315259000.0,,,324305000.0,,,324867000.0,,,,,185865000000.0,,,204080000.0,,,215222000.0,,,,200904000000.0,,214617000.0,,224820000.0
VERITONE INC,,,,,,,,,,,,,,,,,,,,,,,,,,,,,,,,,,,,,,,,,,,,,,,,,,12125000.0,,,12270000.0,,,12805000.0,,,,,11904000.0,,,13268000.0,,,15718000.0,,,,18295000.0,,19206000.0,,22655000.0,
VERTEX INC,,,,,,,,,,,,,,,,,,,,,,,,,,,,,,,,,,,,,,,,,,,,,,,,,,,,,78375000.0,,,82439000.0,,,,,89245000.0,,,91271000.0,,,94605000.0,,,,98236000.0,,104938000.0,,110718000.0,
VERTICAL COMPUTER SYS INC,,,,,,,,,,,,,,,,,,,,,,,,,,,,,,,,,,,,,,,,,,,,,,,,,,,,,,,,,,,,,,,,,,,,,,,,,,,,
VIRNETX HOLDING CORP,,,,,,,,,,,,,,,,,,,,,,,,,,,,,,375000.0,,,396000.0,,,375000.0,,,,,6000.0,,16000.0,,,7000.0,,,,8000.0,,,38000.0,,,4000.0,,,,,302576000.0,,,18000.0,,,26000.0,,,,5000.0,,15000.0,,4000.0,
VIVA ENTERTAINMENT GROUP INC,,,,,,,,,,,,,,,,,,,,,,,,,,,,,,20752000.0,,,23281000.0,,,26072000.0,,,,,31615000.0,,35946000.0,,,37144000.0,,,,48493000.0,,,53013000.0,,,55065000.0,,,,,68032000.0,,,71315000.0,,,74184000.0,,,,73969000.0,,76264000.0,,76053000.0,
VMWARE INC CL A,,,,,,,,,,,,,,,,,,,,,,,,,,,,,,,,,,,,,,,,,,,,,,,,,,,,,,,,,,,,,,,,,2875000.0,,,2864000.0,,,,,,3138000.0,,3188000.0
VOYAGER DIGITAL LTD,,,,,,,,,,,,,,,,,,,,,,,,,,,,,,,,,,,,,,,,,,,,,,,,,,,,,,,,,,,,,,,,,,,,,,,,,,,,
VUBOTICS INC,,,,,,,,,,,,,,,,,,,,,,,,,,,,,,,,,,,,,,,,,,,,,,,,,,,,,,,,,,,,,,,,,,,,2864000.0,,,,,,,,3188000.0
WOD RETAIL SOLUTIONS,,,,,,,,,,,,,,,,,,,,,,,,,,,,,,,,,,,,,,,,,,,,,,,,,,,,,,,,,,,,,,,,,,,,,,,,,,,,
WORKDAY INC,,,,,,,,,,,,,,,,,,,,,,,,,,,,,,,159772000.0,,,167795000.0,,,177008000.0,,,,,195547000.0,,209609000.0,,,224731000.0,,,,244752000.0,,,266900000.0,,,280921000.0,,,,,337106000.0,,,353683000.0,,,377519000.0,,,,433573000.0,,455594000.0,,476111000.0
WORKIVA INC,,,,,,,,,,,,,,,,,,,,,,,,,,,,,,,260995000.0,,,274777000.0,,,280726000.0,,,,,289207000.0,,110042000.0,,,303983000.0,,,,315259000.0,,,324305000.0,,,324867000.0,,,,,185865000000.0,,,204080000.0,,,215222000.0,,,,200904000000.0,,214617000.0,,224820000.0
XCELMOBILITY INC,,,,,,,,,,,,,,,,,,,,,,,,,,,,,,3108000.0,,,4087000.0,,,3719000.0,,,,,4388000.0,,4168000.0,,,7545000.0,,,,12125000.0,,,12270000.0,,,12805000.0,,,,,11904000.0,,,13268000.0,,,15718000.0,,,,18295000.0,,19206000.0,,22655000.0,
XPERI HOLDING CORP,,,,,,,,,,,,,,,,,,,,,,,,,,,,,,,,,,,,,,,,,,,,,,,,,,,,,78375000.0,,,82439000.0,,,,,89245000.0,,,91271000.0,,,94605000.0,,,,98236000.0,,104938000.0,,110718000.0,
YAPPN CORP,,,,,,,,,,,,,,,,,,,,,,,,,,,,,,375000.0,,,396000.0,,,375000.0,,,,,6000.0,,16000.0,,,7000.0,,,,8000.0,,,38000.0,,,4000.0,,,,,302576000.0,,,18000.0,,,26000.0,,,,5000.0,,15000.0,,4000.0,
YEXT INC,,,,,,,,,,,,,,,,,,,,,,,,,,,,,,,,,,,,,,,,,,,,,,,,,,,,,,,,,,,,,,,,,,,,,,,,,,,,
ZENDESK INC,,,,,,,,,,,,,,,,,,,,,,,,,,,,,,,,,,,,,,,,,,,,,,,,,,,,,,,,,,,,,,,,,,,,,,,,,,,,
ZIX CORP,,,,,,,,,,,,,,,,,,,,,,,,,,,,,,,,,,,,,,,,,,,,,,,,,,,,,,,,,,,,,,,,,,,,,,,,,,,,
ZOOM TELEPHONICS INC,,,,,,,,,,,,,,,,,,,,,,,,,,,,,,,479861000.0,,,525320000.0,,,555389000.0,,,,,618643000.0,,671720000.0,,,743189000.0,,,,825055000.0,,,887752000.0,,,938100000.0,,,,,1018385000.0,,,1061967000.0,,,1105960000.0,,,,1175033000.0,,1260361000.0,,1327263000.0
ZOOM VIDEO COMUNICATIONS INC,,,,,,,,,,,,,,,,,,,,,,,,,,,,,,,,,,,,,,,,,,60070000.0,,74526000.0,,,90121000.0,,,,121988000.0,,,145826000.0,,,166593000.0,,,,,328167000.0,,,663520000.0,,,777196000.0,,,,956237000.0,,1021495000.0,,1050756000.0
ZOOMAWAY TRAVEL INC,,,,,,,,,,,,,,,,,,,,,,,,,,,,,,51904000.0,,,49391000.0,,,52068000.0,,,,,59906000.0,,59130000.0,,,60873000.0,,,,69963000.0,,,73484000.0,,,74179000.0,,,,,85801000.0,,,83860000.0,,,88099000.0,,,,104222000.0,,105587000.0,,112693000.0,
ZOOMINFO TECHNOLOGIES,,,,,,,,,,,,,,,,,,,,,,,,,,,,,,,,,,,,,,,,,,,,,,,,,,,,,68500000.0,,,79100000.0,,,,,102200000.0,,,110900000.0,,,123400000.0,,,,153300000.0,,,,197600000.0,
ZSCALER INC,,,,,,,,,,,,,,,,,,,,,,,,,,,,,,,,,,,,,,,,,,,,,,,,,,,,,,,,,,,,,,,,,,,,,,,,,,,,
ZUORA INC,,,,,,,,,,,,,,,,,,,,,,,,,,,,,,,,,,,,,,,,,,,,,,,,,,,,,75115000.0,,,57867000.0,,,,,117665000.0,,,137631000.0,,,202797000.0,,,,221596000.0,,222272000.0,,219379000.0,
